project_id,h1,h2,N1,N2,vocabulary,length,calculated_length,volume,difficulty,effort,time,bugs,cc_rank,cc_score,loc,lloc,single_comments,sloc,multi,comments,blank,mi,path
15850753,5,46,33,65,51,98,265.6934904530594,555.8976835132066,3.532608695652174,1963.768990671654,109.09827725953633,0.18529922783773553,A,2.5,201,147,18,152,3,44,28,32.781006849334595,/home/senior/senior/Sample_Projects/round_2/15850753/cpython.py
15850753,15,202,114,217,217,331,1605.5620784499904,2569.073457939123,8.056930693069306,20698.846796019418,1149.9359331121898,0.8563578193130409,B,5.85185185185,588,496,33,504,0,39,51,16.366924424598828,/home/senior/senior/Sample_Projects/round_2/15850753/compile_to_py.py
15850753,23,13275,34880,64797,13298,99677,181924.07371867396,1365467.4145370456,56.13299435028249,76647774.66570282,4258209.703650157,455.15580484568187,C,18.8532267276,82197,77924,253,78596,0,255,3348,0.0,/home/senior/senior/Sample_Projects/round_2/15850753/cpython_static.py
