project_id,h1,h2,N1,N2,vocabulary,length,calculated_length,volume,difficulty,effort,time,bugs,cc_rank,cc_score,loc,lloc,single_comments,sloc,multi,comments,blank,mi,path
19556947,6,21,11,21,27,32,107.74844088268091,152.156400069231,3.0,456.469200207693,25.3594000115385,0.05071880002307701,A,3.5,85,60,10,60,0,15,15,45.28377389838306,/home/senior/senior/Sample_Projects/round_2/19556947/scraper.py
19556947,6,21,11,22,27,33,107.74844088268091,156.91128757139447,3.142857142857143,493.1497609386683,27.39720894103713,0.052303762523798154,A,4.0,120,84,11,82,0,12,27,42.205969854655116,/home/senior/senior/Sample_Projects/round_2/19556947/transform_lemmata.py
