project_id,hv,cc,sloc,percent
19982733,149.27754454988144,1,13,2.8998461538461537
19982733,167.17882283189007,1,443,0.21274266365688488
19982733,108.0,33,43,0.29223255813953486
19982733,0.0,1,34,0.0
