project_id,hv,cc,sloc,percent
3780176,4151.512998990097,134,618,0.5083333333333333
3780176,250.05376155018962,40,123,0.10216260162601627
3780176,66.60791492653966,12,176,2.391823863636364
3780176,3911.7601360152744,215,1029,0.6533343051506316
3780176,2118.0964169713598,124,461,3.3936377440347067
3780176,625.1722804468818,35,186,0.40535483870967737
