project_id,h1,h2,N1,N2,vocabulary,length,calculated_length,volume,difficulty,effort,time,bugs,cc_rank,cc_score,loc,lloc,single_comments,sloc,multi,comments,blank,mi,path
3780176,17,276,170,324,293,494,2307.4396183720305,4048.209886084591,9.978260869565217,40394.09429810494,2244.116349894719,1.3494032953615303,A,4.14634146341,814,566,47,618,9,49,140,13.28561133311147,/home/senior/senior/Sample_Projects/round_2/3780176/SublimeCodeIntel.py
3780176,7,29,17,31,36,48,160.53293331310283,248.15640006923098,3.7413793103448274,928.4472209486745,51.58040116381525,0.082718800023077,A,2.4,213,144,18,123,21,2,51,37.23123883902598,/home/senior/senior/Sample_Projects/round_2/3780176/settings.py
3780176,3,7,5,7,10,12,24.406371956566698,39.863137138648355,1.5,59.79470570797253,3.321928094887363,0.013287712379549451,A,1.84615384615,265,105,41,176,4,67,44,39.43191313094593,/home/senior/senior/Sample_Projects/round_2/3780176/libs/winprocess.py
3780176,0,0,0,0,0,0,0.0,0.0,0.0,0.0,0.0,0.0,,,0,0,0,0,0,0,0,,/home/senior/senior/Sample_Projects/round_2/3780176/libs/__init__.py
3780176,15,246,170,310,261,480,2012.4619272475807,3853.3948783535448,9.451219512195122,36419.28086248777,2023.2933812493206,1.2844649594511817,A,2.52173913043,1315,896,86,1029,34,106,166,8.829983338104434,/home/senior/senior/Sample_Projects/round_2/3780176/libs/codeintel.py
3780176,15,120,99,183,135,282,887.43023040715,1995.6619983683345,11.4375,22825.384106337824,1268.0768947965457,0.6652206661227782,A,4.85714285714,829,417,240,461,40,249,88,18.111519983913077,/home/senior/senior/Sample_Projects/round_2/3780176/libs/process.py
3780176,13,57,35,62,70,97,380.5804471432245,594.5404526436619,7.0701754385964914,4203.505305533258,233.52807252962546,0.19818015088122062,A,3.81818181818,222,155,9,186,7,12,20,30.49860709951218,/home/senior/senior/Sample_Projects/round_2/3780176/libs/win32_named_pipe.py
